{
  "type": "minecraft:chest",
  "pools": [
    {
      "rolls": 2,
      "bonus_rolls": 0.0,
      "entries": [
        {
          "type": "minecraft:item",
          "name": "minecraft:skull_banner_pattern"
        },
        {
          "type": "minecraft:item",
          "name": "minecraft:book",
          "functions": [
            {
              "function": "minecraft:enchant_randomly",
              "enchantments": [
                "extra_enchantments:freezing_aspect",
                "extra_enchantments:freezing_thorns"
              ]
            }
          ]
        },
        {
          "type": "minecraft:item",
          "functions": [
            {
              "function": "minecraft:set_count",
              "count": {
                  "min": 4,
                  "max": 18
              },
              "add": false
            }
          ],
          "name": "minecraft:emerald"
        }
      ]
    },
    {
      "rolls": 2,
      "bonus_rolls": 0.0,
      "entries": [
        {
          "type": "minecraft:item",
          "functions": [
            {
              "function": "minecraft:set_count",
              "count": {
                  "min": 3,
                  "max": 12
              },
              "add": false
            },
            {
              "function": "minecraft:set_potion",
              "id": "minecraft:slowness"
            }
          ],
          "name": "minecraft:tipped_arrow"
        },
        {
          "type": "minecraft:item",
          "functions": [
            {
              "function": "minecraft:set_count",
              "count": {
                  "min": 1,
                  "max": 1
              },
              "add": false
            }
          ],
          "name": "minecraft:golden_apple"
        }
      ]
    },
    {
      "rolls": 2,
      "bonus_rolls": 0.0,
      "entries": [
        {
          "type": "minecraft:item",
          "functions": [
            {
              "function": "minecraft:set_count",
              "count": {
                  "min": 3,
                  "max": 8
              },
              "add": false
            }
          ],
          "name": "minecraft:iron_ingot"
        },
        {
          "type": "minecraft:item",
          "functions": [
            {
              "function": "minecraft:set_count",
              "count": {
                  "min": 4,
                  "max": 14
              },
              "add": false
            }
          ],
          "name": "minecraft:iron_nugget"
        }
      ]
    },
    {
      "rolls": 2,
      "bonus_rolls": 0.0,
      "entries": [
        {
          "type": "minecraft:item",
          "functions": [
            {
              "function": "minecraft:set_count",
              "count": {
                  "min": 7,
                  "max": 16
              },
              "add": false
            }
          ],
          "name": "minecraft:gold_ingot"
        },
        {
          "type": "minecraft:item",
          "functions": [
            {
              "function": "minecraft:set_count",
              "count": {
                  "min": 10,
                  "max": 25
              },
              "add": false
            }
          ],
          "name": "minecraft:gold_nugget"
        }
      ]
    },
    {
      "rolls": 2,
      "bonus_rolls": 0.0,
      "entries": [
        {
          "type": "minecraft:item",
          "functions": [
            {
              "function": "minecraft:set_count",
              "count": {
                  "min": 2,
                  "max": 6
              },
              "add": false
            }
          ],
          "name": "minecraft:golden_carrot"
        },
        {
          "type": "minecraft:item",
          "functions": [
            {
              "function": "minecraft:set_count",
              "count": {
                  "min": 1,
                  "max": 3
              },
              "add": false
            }
          ],
          "name": "minecraft:rabbit_foot"
        }
      ]
    },
    {
      "bonus_rolls": 0.0,
      "entries": [
        {
          "type": "minecraft:empty",
          "weight": 75
        },
        {
          "type": "minecraft:item",
          "name": "legacies_and_legends:music_disc_tundra",
          "weight": 25
        }
      ],
      "rolls": 1.0
    }
  ]
}