{
  "type": "minecraft:chest",
  "pools": [
    {
      "rolls": {
        "type": "minecraft:uniform",
        "min": 1.0,
        "max": 2.0
      },
      "entries": [
        {
          "type": "minecraft:loot_table",
          "name": "nova_structures:chests/tavern_quest/ruin_town"
        },
        {
          "type": "minecraft:loot_table",
          "name": "nova_structures:chests/tavern_quest/jungle_ruin"
        },
        {
          "type": "minecraft:loot_table",
          "name": "nova_structures:chests/tavern_quest/undead_crypt"
        },
        {
          "type": "minecraft:loot_table",
          "name": "nova_structures:chests/tavern_quest/stray_fort"
        },
        {
          "type": "minecraft:loot_table",
          "name": "nova_structures:chests/tavern_quest/creeping_crypt"
        },
		{
          "type": "minecraft:loot_table",
          "name": "nova_structures:chests/tavern_quest/conduit_ruin"
        },
		{
          "type": "minecraft:loot_table",
          "name": "nova_structures:chests/tavern_quest/desert_ruin"
        }
      ]
    }
  ]
}