{
  "type": "minecraft:chest",
  "pools": [
    {
      "bonus_rolls": 0.0,
      "rolls": 3,
      "entries": [
        {
          "type": "minecraft:item",
          "name": "minecraft:redstone"
        },
        {
          "type": "minecraft:item",
          "name": "minecraft:glass_bottle"
        },
        {
          "type": "minecraft:item",
          "name": "minecraft:glowstone_dust"
        },
        {
          "type": "minecraft:item",
          "name": "minecraft:sugar"
        },
        {
          "type": "minecraft:item",
          "name": "minecraft:gunpowder"
        },
        {
          "type": "minecraft:item",
          "name": "minecraft:phantom_membrane"
        },
        {
          "type": "minecraft:item",
          "name": "minecraft:glistering_melon_slice"
        },
        {
          "type": "minecraft:item",
          "name": "minecraft:rabbit_foot"
        },
        {
          "type": "minecraft:item",
          "name": "minecraft:fermented_spider_eye"
        },
        {
          "type": "minecraft:item",
          "name": "minecraft:spider_eye"
        },
        {
          "type": "minecraft:item",
          "name": "minecraft:golden_carrot"
        },
        {
          "type": "minecraft:item",
          "name": "minecraft:magma_cream"
        },
        {
          "type": "minecraft:item",
          "name": "minecraft:pufferfish"
        },
        {
          "type": "minecraft:item",
          "name": "minecraft:ghast_tear"
        },
        {
          "type": "minecraft:item",
          "name": "minecraft:scute",
          "functions": [
            {
              "add": false,
              "count": {
                "type": "minecraft:uniform",
                "max": 6.0,
                "min": 3.0
              },
              "function": "minecraft:set_count"
            }
          ]
        }
      ]
    },
    {
      "bonus_rolls": 0.0,
      "entries": [
        {
          "type": "minecraft:empty",
          "weight": 20
        },
        {
          "type": "minecraft:item",
          "name": "minecraft:sentry_armor_trim_smithing_template"
        },
        {
          "type": "minecraft:item",
          "name": "minecraft:music_disc_wait",
          "weight": 3
        }
      ],
      "rolls": 1.0
    },
    {
      "bonus_rolls": 0.0,
      "entries": [
        {
          "type": "minecraft:loot_table",
          "name": "minecraft:entities/witch"
        }
      ],
      "rolls": 1.0
    }
  ]
}