{
	"providers": [
		{
            "type": "bitmap",
            "file": "icons:menu/game.png",
            "ascent": 10,
            "height": 12,
            "chars": [
               "\uE003"
            ]
         },
         {
            "type": "bitmap",
            "file": "icons:menu/world.png",
            "ascent": 10,
            "height": 12,
            "chars": [
               "\uE004"
            ]
         },
         {
            "type": "bitmap",
            "file": "icons:menu/advanced.png",
            "ascent": 10,
            "height": 12,
            "chars": [
               "\uE005"
            ]
        }
	]
}